Workbook
Name Slicer_Category: #N/A

Sheet Summary
D3: Values
A4: Name | B4: Ref | C4: Description | D4: Sum of Quantity | E4: Sum of Cost
A5: تعويض عملاء | B5: 6287020840012 | C5: ROYAL MUSK EXTRAIT DE PARFUM 50ML | D5: 2 | E5: 268.69565
B6: 6287020840067 | C6: SOLENNE EXTRAIT DE PARFUM 50ML | D6: 1 | E6: 160.43478
A7: تعويض عملاء الإجمالي | D7: 3 | E7: 429.13043
A8: الإجمالي الكلي | D8: 3 | E8: 429.13043

Sheet Master Gifting
A1: Name | B1: Category | C1: Comment | D1: Ref | E1: Description | F1: Quantity | G1: Cost
A2: فراس المصور | B2: VIP | C2: تدشين بابيون 2026 | D2: 6287020840012 | E2: ROYAL MUSK EXTRAIT DE PARFUM 50ML | F2: 1 | G2: =VLOOKUP(D2,'Item Master'!$A$3:$C$11,3,0)/2*F2 -> 134.34783
A3: محمد عبداللطيف | B3: VIP | C3: تدشين بابيون 2026 | D3: 6287020840012 | E3: ROYAL MUSK EXTRAIT DE PARFUM 50ML | F3: 1 | G3: =VLOOKUP(D3,'Item Master'!$A$3:$C$11,3,0)/2*F3 -> 134.34783
A4: جلو هاوس | B4: Sample | C4: الاصناف الجديدة 2026 | D4: 6287020840012 | E4: ROYAL MUSK EXTRAIT DE PARFUM 50ML | F4: 1 | G4: =VLOOKUP(D4,'Item Master'!$A$3:$C$11,3,0)/2*F4 -> 134.34783
A5: لاروميوس | B5: Sample | C5: الاصناف الجديدة 2026 | D5: 6287020840012 | E5: ROYAL MUSK EXTRAIT DE PARFUM 50ML | F5: 1 | G5: =VLOOKUP(D5,'Item Master'!$A$3:$C$11,3,0)/2*F5 -> 134.34783
A6: تعويض عملاء | B6: Damage | C6: تعويض عميل الموقع الالكتروني | D6: 6287020840012 | E6: ROYAL MUSK EXTRAIT DE PARFUM 50ML | F6: 2 | G6: =VLOOKUP(D6,'Item Master'!$A$3:$C$11,3,0)/2*F6 -> 268.69565
A7: الفورسيزون | B7: Sample | C7: الاصناف الجديدة 2026 | D7: 6287020840012 | E7: ROYAL MUSK EXTRAIT DE PARFUM 50ML | F7: 1 | G7: =VLOOKUP(D7,'Item Master'!$A$3:$C$11,3,0)/2*F7 -> 134.34783
A8: د.فراس المدني | B8: VIP | C8: تدشين بابيون 2026 | D8: 6287020840036 | E8: ROYAL JASMINE EXTRAIT DE PARFUM 50ML | F8: 1 | G8: =VLOOKUP(D8,'Item Master'!$A$3:$C$11,3,0)/2*F8 -> 147.3913
A9: د.فارس السهلي | B9: VIP | C9: تدشين بابيون 2026 | D9: 6287020840036 | E9: ROYAL JASMINE EXTRAIT DE PARFUM 50ML | F9: 1 | G9: =VLOOKUP(D9,'Item Master'!$A$3:$C$11,3,0)/2*F9 -> 147.3913
A10: عبدالعزيز بن زينه | B10: VIP | C10: تدشين بابيون 2026 | D10: 6287020840036 | E10: ROYAL JASMINE EXTRAIT DE PARFUM 50ML | F10: 1 | G10: =VLOOKUP(D10,'Item Master'!$A$3:$C$11,3,0)/2*F10 -> 147.3913
A11: هند السند | B11: VIP | C11: تدشين بابيون 2026 | D11: 6287020840036 | E11: ROYAL JASMINE EXTRAIT DE PARFUM 50ML | F11: 1 | G11: =VLOOKUP(D11,'Item Master'!$A$3:$C$11,3,0)/2*F11 -> 147.3913
A12: نجلاء اليوسف | B12: VIP | C12: تدشين بابيون 2026 | D12: 6287020840036 | E12: ROYAL JASMINE EXTRAIT DE PARFUM 50ML | F12: 1 | G12: =VLOOKUP(D12,'Item Master'!$A$3:$C$11,3,0)/2*F12 -> 147.3913
A13: مهنا المهنا | B13: VIP | C13: تدشين بابيون 2026 | D13: 6287020840036 | E13: ROYAL JASMINE EXTRAIT DE PARFUM 50ML | F13: 1 | G13: =VLOOKUP(D13,'Item Master'!$A$3:$C$11,3,0)/2*F13 -> 147.3913
... A93: الفورسيزون | B93: Sample | C93: الاصناف الجديدة 2026 | D93: 6287020840104 | E93: PEACH MOSS HAIR MUST 35ML | F93: 1 | G93: =VLOOKUP(D93,'Item Master'!$A$3:$C$11,3,0)/2*F93 -> 82.173913
A94: علي اليامي | B94: VIP | C94: هدايا عيد الفطر 2026 | D94: 6287020840029 | E94: =VLOOKUP(D94,'Item Master'!$A$3:$B$11,2,0) -> ROYAL OUD PARFUME 50ML | F94: 1 | G94: =VLOOKUP(D94,'Item Master'!$A$3:$C$11,3,0)/2*F94 -> 186.52174
A95: علي اليامي | B95: VIP | C95: هدايا عيد الفطر 2026 | D95: 6287020840067 | E95: =VLOOKUP(D95,'Item Master'!$A$3:$B$11,2,0) -> SOLENN EXTRAIT DE PARFUM 50ML | F95: 1 | G95: =VLOOKUP(D95,'Item Master'!$A$3:$C$11,3,0)/2*F95 -> 160.43478
A96: متعب السبيت | B96: VIP | C96: هدايا عيد الفطر 2026 | D96: 6287020840029 | E96: =VLOOKUP(D96,'Item Master'!$A$3:$B$11,2,0) -> ROYAL OUD PARFUME 50ML | F96: 1 | G96: =VLOOKUP(D96,'Item Master'!$A$3:$C$11,3,0)/2*F96 -> 186.52174
A97: متعب السبيت | B97: VIP | C97: هدايا عيد الفطر 2026 | D97: 6287020840067 | E97: =VLOOKUP(D97,'Item Master'!$A$3:$B$11,2,0) -> SOLENN EXTRAIT DE PARFUM 50ML | F97: 1 | G97: =VLOOKUP(D97,'Item Master'!$A$3:$C$11,3,0)/2*F97 -> 160.43478
A98: مها اليوسف | B98: VIP | C98: هدايا عيد الفطر 2026 | D98: 6287020840036 | E98: =VLOOKUP(D98,'Item Master'!$A$3:$B$11,2,0) -> ROYAL JASMINE EXTRAIT DE PARFUM 50ML | F98: 1 | G98: =VLOOKUP(D98,'Item Master'!$A$3:$C$11,3,0)/2*F98 -> 147.3913
A99: بدور اليوسف | B99: VIP | C99: هدايا عيد الفطر 2026 | D99: 6287020840104 | E99: =VLOOKUP(D99,'Item Master'!$A$3:$B$11,2,0) -> PEACH MOSS HAIR MUST 35ML | F99: 1 | G99: =VLOOKUP(D99,'Item Master'!$A$3:$C$11,3,0)/2*F99 -> 82.173913
A100: ملاك اليوسف | B100: VIP | C100: هدايا عيد الفطر 2026 | D100: 6287020840104 | E100: =VLOOKUP(D100,'Item Master'!$A$3:$B$11,2,0) -> PEACH MOSS HAIR MUST 35ML | F100: 1 | G100: =VLOOKUP(D100,'Item Master'!$A$3:$C$11,3,0)/2*F100 -> 82.173913
A101: روان اليوسف | B101: VIP | C101: هدايا عيد الفطر 2026 | D101: 6287020840104 | E101: =VLOOKUP(D101,'Item Master'!$A$3:$B$11,2,0) -> PEACH MOSS HAIR MUST 35ML | F101: 1 | G101: =VLOOKUP(D101,'Item Master'!$A$3:$C$11,3,0)/2*F101 -> 82.173913
A102: دلال المقبل | B102: VIP | C102: هدايا عيد الفطر 2026 | D102: 6287020840104 | E102: =VLOOKUP(D102,'Item Master'!$A$3:$B$11,2,0) -> PEACH MOSS HAIR MUST 35ML | F102: 1 | G102: =VLOOKUP(D102,'Item Master'!$A$3:$C$11,3,0)/2*F102 -> 82.173913
A103: جلو هاوس | B103: Tester | C103: مواد عرض | D103: 6287020840012 | E103: =VLOOKUP(D103,'Item Master'!$A$3:$B$11,2,0) -> ROYAL MUSK EXTRAIT DE PARFUM 50ML | F103: 3 | G103: =VLOOKUP(D103,'Item Master'!$A$3:$C$11,3,0)/2*F103 -> 403.04348
A104: جلو هاوس | B104: Tester | C104: مواد عرض | D104: 6287020840036 | E104: =VLOOKUP(D104,'Item Master'!$A$3:$B$11,2,0) -> ROYAL JASMINE EXTRAIT DE PARFUM 50ML | F104: 3 | G104: =VLOOKUP(D104,'Item Master'!$A$3:$C$11,3,0)/2*F104 -> 442.17391
A105: جلو هاوس | B105: Tester | C105: مواد عرض | D105: 6287020840029 | E105: =VLOOKUP(D105,'Item Master'!$A$3:$B$11,2,0) -> ROYAL OUD PARFUME 50ML | F105: 3 | G105: =VLOOKUP(D105,'Item Master'!$A$3:$C$11,3,0)/2*F105 -> 559.56522
... A125: فيصل المالكي مشهور | B125: Marketing | C125: تدشين جلو هاوس 2026 | D125: 6287020840029 | E125: =VLOOKUP(D125,'Item Master'!$A$3:$B$11,2,0) -> ROYAL OUD PARFUME 50ML | F125: 1 | G125: =VLOOKUP(D125,'Item Master'!$A$3:$C$11,3,0)/2*F125 -> 186.52174
E126: =VLOOKUP(D126,'Item Master'!$A$3:$B$11,2,0) -> #N/A | G126: =VLOOKUP(D126,'Item Master'!$A$3:$C$11,3,0)/2*F126 -> #N/A
E127: =VLOOKUP(D127,'Item Master'!$A$3:$B$11,2,0) -> #N/A | G127: =VLOOKUP(D127,'Item Master'!$A$3:$C$11,3,0)/2*F127 -> #N/A
E128: =VLOOKUP(D128,'Item Master'!$A$3:$B$11,2,0) -> #N/A | G128: =VLOOKUP(D128,'Item Master'!$A$3:$C$11,3,0)/2*F128 -> #N/A
E129: =VLOOKUP(D129,'Item Master'!$A$3:$B$11,2,0) -> #N/A | G129: =VLOOKUP(D129,'Item Master'!$A$3:$C$11,3,0)/2*F129 -> #N/A
E130: =VLOOKUP(D130,'Item Master'!$A$3:$B$11,2,0) -> #N/A | G130: =VLOOKUP(D130,'Item Master'!$A$3:$C$11,3,0)/2*F130 -> #N/A
E131: =VLOOKUP(D131,'Item Master'!$A$3:$B$11,2,0) -> #N/A | G131: =VLOOKUP(D131,'Item Master'!$A$3:$C$11,3,0)/2*F131 -> #N/A
E132: =VLOOKUP(D132,'Item Master'!$A$3:$B$11,2,0) -> #N/A | G132: =VLOOKUP(D132,'Item Master'!$A$3:$C$11,3,0)/2*F132 -> #N/A
E133: =VLOOKUP(D133,'Item Master'!$A$3:$B$11,2,0) -> #N/A | G133: =VLOOKUP(D133,'Item Master'!$A$3:$C$11,3,0)/2*F133 -> #N/A
E134: =VLOOKUP(D134,'Item Master'!$A$3:$B$11,2,0) -> #N/A | G134: =VLOOKUP(D134,'Item Master'!$A$3:$C$11,3,0)/2*F134 -> #N/A
E135: =VLOOKUP(D135,'Item Master'!$A$3:$B$11,2,0) -> #N/A | G135: =VLOOKUP(D135,'Item Master'!$A$3:$C$11,3,0)/2*F135 -> #N/A
E136: =VLOOKUP(D136,'Item Master'!$A$3:$B$11,2,0) -> #N/A | G136: =VLOOKUP(D136,'Item Master'!$A$3:$C$11,3,0)/2*F136 -> #N/A
E137: =VLOOKUP(D137,'Item Master'!$A$3:$B$11,2,0) -> #N/A | G137: =VLOOKUP(D137,'Item Master'!$A$3:$C$11,3,0)/2*F137 -> #N/A
... E145: =VLOOKUP(D145,'Item Master'!$A$3:$B$11,2,0) -> #N/A | G145: =VLOOKUP(D145,'Item Master'!$A$3:$C$11,3,0)/2*F145 -> #N/A

Sheet Sheet1
A1: جلو هاوس | B1: Sample | C1: الاصناف الجديدة 2026 | D1: 6287020840012 | E1: ROYAL MUSK EXTRAIT DE PARFUM 50ML | F1: 1 | G1: 134.34783
A2: جلو هاوس | B2: Sample | C2: الاصناف الجديدة 2026 | D2: 6287020840036 | E2: ROYAL JASMINE EXTRAIT DE PARFUM 50ML | F2: 1 | G2: 147.3913
A3: جلو هاوس | B3: Sample | C3: الاصناف الجديدة 2026 | D3: 6287020840029 | E3: ROYAL OUD PARFUME 50ML | F3: 1 | G3: 186.52174
A4: جلو هاوس | B4: Sample | C4: الاصناف الجديدة 2026 | D4: 6287020840050 | E4: LADY LULU EXTRAIT DE PARFUM 50ML | F4: 1 | G4: 156.08696
A5: جلو هاوس | B5: Sample | C5: الاصناف الجديدة 2026 | D5: 6287020840074 | E5: EVORA PARFUME 50ML | F5: 1 | G5: 160.43478
A6: جلو هاوس | B6: Sample | C6: الاصناف الجديدة 2026 | D6: 6287020840067 | E6: SOLENNE EXTRAIT DE PARFUM 50ML | F6: 1 | G6: 160.43478
A7: جلو هاوس | B7: Sample | C7: الاصناف الجديدة 2026 | D7: 6287020840098 | E7: LUMISK HAIR MUST 35ML | F7: 1 | G7: 86.521739
A8: جلو هاوس | B8: Sample | C8: الاصناف الجديدة 2026 | D8: 6287020840081 | E8: LUNÉRA HAIR MUST 35ML | F8: 1 | G8: 82.173913
A9: جلو هاوس | B9: Sample | C9: الاصناف الجديدة 2026 | D9: 6287020840104 | E9: PEACH MOSS HAIR MUST 35ML | F9: 1 | G9: 82.173913

Sheet Item Master
A1: Perfumes
A2: Barcode | B2: Description | C2: RETAIL PRICE EX VAT | D2: RSP With VAT
A3: 6287020840012 | B3: ROYAL MUSK EXTRAIT DE PARFUM 50ML | C3: 268.69565 | D3: 309
A4: 6287020840029 | B4: ROYAL OUD PARFUME 50ML | C4: 373.04348 | D4: 429
A5: 6287020840036 | B5: ROYAL JASMINE EXTRAIT DE PARFUM 50ML | C5: 294.78261 | D5: 339
A6: 6287020840050 | B6: LADY LULU EXTRAIT DE PARFUM 50ML | C6: 312.17391 | D6: 359
A7: 6287020840067 | B7: SOLENN EXTRAIT DE PARFUM 50ML | C7: 320.86957 | D7: 369
A8: 6287020840074 | B8: EVORA PARFUME 50ML | C8: 320.86957 | D8: 369
A9: 6287020840081 | B9: LUNÉRA HAIR MUST 35ML | C9: 164.34783 | D9: 189
A10: 6287020840104 | B10: PEACH MOSS HAIR MUST 35ML | C10: 164.34783 | D10: 189
A11: 6287020840098 | B11: LUMISK HAIR MUST 35ML | C11: 173.04348 | D11: 199
